"","myid","var"
"1",1,0.154673938173801
"2",2,0.962030351627618
"3",3,0.75095436675474
"4",4,0.0895332926884294
"5",5,0.746325966902077
"6",6,0.692455097101629
"7",7,0.190351318335161
"8",8,0.737632987089455
"9",9,0.636722207767889
"10",10,0.891822253121063
